2460.02,0.519,1.631,0.016,1.2090810110365098
2460.09,0.559,1.541,0.016,1.4824229541514278
2460.2,0.535,1.872,0.015,1.071349624648357
2460.22,0.522,1.636,0.016,1.431617368041434
2460.28,0.539,1.713,0.015,1.0149491828469637
2460.29,0.504,1.571,0.019,1.1108998113148756
2460.35,0.593,1.54,0.017,1.2336445107582525
2460.49,0.564,1.931,0.017,1.119558929340929
2460.56,0.56,1.962,0.016,1.2707581716952425
2460.61,0.513,1.806,0.016,1.4116033235875312
2460.67,0.512,1.616,0.017,1.1757651898600827
2460.73,0.533,1.951,0.019,1.3473836537447546
2460.79,0.504,1.736,0.017,1.1507489740820103
2460.79,0.554,1.664,0.015,1.1184464934636562
2460.82,0.569,1.801,0.019,1.3993686805749896
2460.83,0.543,1.747,0.017,1.3446718671966444
2460.86,0.587,1.658,0.016,1.0208445193176012
2460.87,0.539,1.939,0.018,1.284084702068368
2460.88,0.541,1.973,0.016,1.4132706201168317
2460.88,0.559,1.877,0.016,1.2548354553210177
2460.91,0.596,1.647,0.019,1.433137393391346
2460.91,0.556,1.688,0.018,1.4319258010771079
2461.03,0.509,1.877,0.019,1.3200386330236007
2461.06,0.553,1.966,0.018,1.4001409154082634
2461.07,0.588,1.547,0.018,1.2564119299409646
2461.16,0.528,1.918,0.019,1.4483942480757437
2461.18,0.579,1.832,0.017,1.3559628057145483
2461.22,0.504,1.94,0.016,1.2263916621698205
2461.29,0.572,1.743,0.019,1.1686354269009267
2461.29,0.534,1.955,0.015,1.0725850134114412
2461.3,0.599,1.753,0.017,1.1901714743454233
2461.3,0.502,1.89,0.015,1.1382904719858362
2461.32,0.575,1.966,0.017,1.185083825542383
2461.36,0.521,1.61,0.017,1.162573696639738
2461.38,0.552,1.534,0.015,1.463888977325257
2461.39,0.533,1.509,0.019,1.4333780478261189
2461.43,0.508,1.682,0.016,1.158998534571854
2461.45,0.565,1.997,0.017,1.2975597453316738
2461.48,0.558,1.657,0.019,1.4653501635507882
2461.55,0.57,1.972,0.018,1.3852297015325918
2461.59,0.512,1.538,0.019,1.3272026216471031
2461.69,0.56,1.776,0.015,1.251591019158203
2461.77,0.504,1.779,0.016,1.1849067136002853
2461.81,0.532,1.971,0.016,1.2368276760283574
2461.83,0.54,1.838,0.017,1.0291692875524217
2461.83,0.545,1.679,0.015,1.2584413210583798
2461.84,0.511,1.826,0.015,1.0808982089219294
2461.89,0.549,1.692,0.018,1.0095551856995078
2461.94,0.556,1.985,0.016,1.3744912622834677
2462.03,0.559,1.68,0.016,1.2492533101711287
2462.13,0.536,1.871,0.017,1.021792112841712
2462.25,0.571,1.909,0.015,1.4069344293361061
2462.26,0.566,1.768,0.019,1.294809629627418
2462.28,0.597,1.573,0.019,1.4818162035788938
2462.31,0.541,1.587,0.016,1.0132247346239707
2462.31,0.529,1.83,0.017,1.254515828827943
2462.41,0.561,1.85,0.018,1.4769027095625893
2462.41,0.599,1.674,0.015,1.2085058059454303
2462.45,0.597,1.541,0.018,1.0252583582446049
2462.46,0.537,1.579,0.015,1.399601151901802
2462.5,0.526,1.966,0.018,1.1173701150499962
2462.5,0.522,1.651,0.017,1.0570383058526616
2462.51,0.559,1.595,0.017,1.1568218269366135
2462.58,0.517,1.71,0.019,1.1662190049809813
2462.6,0.592,1.985,0.017,1.0282504598417805
2462.61,0.594,1.589,0.017,1.289955068976099
2462.61,0.585,1.965,0.019,1.3842564195491003
2462.66,0.547,1.645,0.019,1.156651408934859
2462.71,0.591,1.565,0.016,1.103456229145251
2462.72,0.561,1.728,0.016,1.4498418892641216
2462.8,0.536,1.913,0.017,1.3906815463158475
2462.84,0.521,1.515,0.015,1.2506433994974104
2462.85,0.58,1.835,0.017,1.3945414388309219
2462.86,0.588,1.899,0.015,1.1078010754610859
2462.87,0.509,1.96,0.019,1.2289714148703665
2462.88,0.578,1.938,0.015,1.175828049463648
2462.89,0.513,1.629,0.018,1.1782361289556764
2462.9,0.598,1.802,0.019,1.353038511549509
2463.03,0.591,1.613,0.019,1.2626387826127583
2463.06,0.512,1.723,0.018,1.318506182916351
2463.06,0.559,1.868,0.019,1.0859342765841298
2463.07,0.557,1.798,0.017,1.4010214539728634
2463.12,0.516,1.832,0.015,1.3181246485915084
2463.2,0.527,1.639,0.018,1.1029574105639128
2463.21,0.547,1.826,0.016,1.1607203248016633
2463.21,0.544,1.534,0.019,1.1058680502986347
2463.23,0.514,1.886,0.017,1.2974391250108455
2463.24,0.587,1.944,0.016,1.0022902770730178
2463.27,0.593,1.824,0.018,1.3171252585579778
2463.29,0.5,1.954,0.019,1.3949441729438485
2463.34,0.593,1.519,0.015,1.070654719852257
2463.39,0.511,1.794,0.017,1.1314976895168793
2463.47,0.536,1.707,0.017,1.3722662150973834
2463.49,0.579,1.93,0.018,1.4098971795384323
2463.5,0.524,1.653,0.018,1.3535799707795966
2463.56,0.518,1.536,0.017,1.3274189034632917
2463.58,0.569,1.7,0.015,1.2409757079527166
2463.58,0.521,1.878,0.018,1.3707050997200663
2463.8,0.537,1.641,0.018,1.4368529567407466
2463.81,0.502,1.851,0.016,1.2391817205825633
2463.86,0.511,1.756,0.016,1.3482525292861358
2464.01,0.51,1.878,0.016,1.1335032778369978
2464.02,0.555,1.596,0.015,1.3946617964038746
2464.07,0.523,1.723,0.016,1.1261542356987497
2464.08,0.581,1.752,0.015,1.4449334262167757
2464.11,0.569,1.563,0.015,1.1350601332569856
2464.12,0.539,1.792,0.019,1.4369410150774038
2464.17,0.531,1.708,0.015,1.4856348330140918
2464.26,0.526,1.613,0.015,1.2574537904607443
2464.26,0.597,1.604,0.019,1.1240245809342782
2464.4,0.539,1.981,0.019,1.3409420773690754
2464.41,0.573,1.872,0.016,1.075500985969205
2464.41,0.521,1.708,0.018,1.4309327137153407
2464.43,0.523,1.89,0.016,1.172470089553949
2464.43,0.517,1.757,0.018,1.235796049559097
2464.43,0.562,1.518,0.019,1.4957294206514486
2464.46,0.538,1.558,0.019,1.4744581165572237
2464.51,0.596,1.713,0.017,1.1155845265412214
2464.56,0.519,1.574,0.015,1.3255257858842766
2464.59,0.512,1.794,0.018,1.3711736384233644
2464.62,0.586,1.54,0.019,1.2983811324032448
2464.62,0.566,1.713,0.016,1.4597199269442214
2464.63,0.521,1.61,0.017,1.071797310186077
2464.71,0.562,1.596,0.017,1.2041648168473817
2464.82,0.544,1.744,0.019,1.4545236026653932
2464.98,0.591,1.889,0.016,1.311007034066712
2465.0,0.545,1.772,0.016,1.0260506923254529
2465.1,0.557,1.714,0.015,1.349991715892879
2465.11,0.54,1.622,0.016,1.1309166500775774
2465.12,0.598,1.839,0.019,1.094792052167875
2465.14,0.56,1.841,0.019,1.357263788215527
2465.15,0.544,1.873,0.017,1.4500422483673654
2465.2,0.536,1.535,0.019,1.4009850535483164
2465.2,0.551,1.884,0.019,1.1967695816719484
2465.21,0.538,1.596,0.018,1.0962329066673728
2465.25,0.585,1.89,0.016,1.4655916475622002
2465.3,0.536,1.896,0.019,1.2020984678192614
2465.3,0.532,1.572,0.018,1.2390650208524967
2465.4,0.521,1.605,0.017,1.087420625482344
2465.57,0.594,1.813,0.019,1.0522416565345145
2465.57,0.585,1.715,0.016,1.3015307375006953
2465.64,0.521,1.537,0.017,1.4894622204574863
2465.69,0.594,1.927,0.018,1.108084965074021
2465.71,0.593,1.964,0.015,1.1293672451446064
2465.74,0.529,1.929,0.019,1.49274068905345
2465.76,0.589,1.982,0.019,1.0150095165668174
2465.79,0.548,1.676,0.015,1.1943156569527262
2465.86,0.504,1.982,0.017,1.2959810584304172
2465.9,0.526,1.791,0.016,1.445770384032305
2465.9,0.585,1.807,0.019,1.3838512310202327
2465.91,0.515,1.599,0.017,1.4580316298150795
2465.94,0.503,1.668,0.015,1.1078127470537376
2466.02,0.587,1.821,0.019,1.475244767445504
2466.05,0.551,1.832,0.016,1.0184343050898057
2466.05,0.515,1.899,0.016,1.20008566060228
2466.07,0.577,1.954,0.017,1.3945530306754514
2466.12,0.599,1.594,0.017,1.111035489946288
2466.18,0.52,1.638,0.015,1.4572513676887713
2466.2,0.596,1.595,0.016,1.2992304408372244
2466.3,0.588,1.834,0.017,1.3021195769854788
2466.31,0.543,1.574,0.018,1.156157873836733
2466.32,0.584,1.614,0.016,1.1270893684824106
2466.33,0.571,1.624,0.019,1.435281832271865
2466.36,0.571,1.792,0.016,1.3224928654955797
2466.37,0.547,1.945,0.019,1.3290140625558888
2466.38,0.553,1.585,0.015,1.2987349971892583
2466.4,0.551,1.578,0.019,1.1690920885036218
2466.42,0.51,1.531,0.015,1.3645939124610893
2466.44,0.591,1.585,0.017,1.469836091783813
2466.45,0.507,1.591,0.015,1.056526903994965
2466.46,0.542,1.83,0.019,1.0900639324897496
2466.46,0.579,1.999,0.018,1.4075318319368022
2466.54,0.522,1.797,0.016,1.2794487225113564
2466.58,0.598,1.911,0.017,1.0663197393678232
2466.6,0.591,1.802,0.018,1.4635002285913155
2466.72,0.548,1.516,0.017,1.035172257938097
2466.73,0.535,1.929,0.016,1.4859501432448474
2466.74,0.555,1.731,0.016,1.433228772536368
2466.75,0.564,1.726,0.019,1.3522139255221144
2466.78,0.542,1.629,0.016,1.1877707876039751
2466.83,0.569,1.773,0.017,1.3012132280553423
2466.85,0.543,1.755,0.016,1.0887183259581792
2466.85,0.571,1.912,0.015,1.0270924347519066
2466.88,0.596,1.817,0.018,1.339261280189557
2466.9,0.53,1.624,0.015,1.2807188591840806
2467.03,0.518,1.636,0.018,1.3346776491597414
2467.07,0.515,1.764,0.015,1.398408666088909
2467.09,0.556,1.685,0.019,1.1934305041263316
2467.11,0.542,1.599,0.015,1.0529753364279355
2467.13,0.542,1.569,0.018,1.216844021528922
2467.16,0.576,1.677,0.017,1.05945136603514
2467.18,0.562,1.606,0.017,1.34902610296734
2467.33,0.597,1.705,0.019,1.2386880159988434
2467.37,0.526,1.757,0.016,1.2685544910031572
2467.4,0.535,1.973,0.019,1.077912144094764
2467.43,0.515,1.706,0.017,1.0472329026797598
2467.44,0.542,1.816,0.017,1.229354679394643
2467.45,0.543,1.875,0.018,1.2803995244085353
2467.46,0.574,1.771,0.015,1.3863416070586287
2467.52,0.522,1.751,0.016,1.4720291300497277
2467.55,0.598,1.82,0.015,1.1004046001638303
2467.6,0.535,1.83,0.019,1.0242946068280505
2467.65,0.594,1.904,0.019,1.4239263433878664
2467.68,0.507,1.924,0.018,1.0305761046058342
2467.69,0.515,1.978,0.019,1.4215139381190343
2467.7,0.518,1.796,0.019,1.0540501249586025
2467.7,0.501,1.951,0.019,1.4418612636947257
2467.78,0.522,1.919,0.017,1.0329653951568254
2467.83,0.56,1.737,0.018,1.4347629178268362
2467.83,0.558,1.934,0.016,1.1702265900387805
2467.84,0.549,1.725,0.015,1.0746488286468696
2467.85,0.555,1.926,0.017,1.3665979418378504
2467.85,0.57,1.959,0.016,1.4393471505903983
2467.9,0.578,1.842,0.017,1.3596269346753338
2467.92,0.59,1.622,0.017,1.1527702164238967
2467.96,0.523,1.823,0.017,1.227522380703927
2468.04,0.558,1.741,0.016,1.4499905530324702
2468.09,0.579,1.846,0.015,1.4057816953973457
2468.1,0.543,1.596,0.015,1.4514023634734707
2468.15,0.594,1.722,0.015,1.206168039801843
2468.19,0.566,1.622,0.017,1.4581204058052337
2468.19,0.581,1.752,0.019,1.322156330219279
2468.3,0.556,1.802,0.016,1.4218135996502324
2468.34,0.55,1.845,0.015,1.2126119316258839
2468.37,0.521,1.945,0.019,1.2237996570049863
2468.45,0.586,1.766,0.019,1.2041441337951666
2468.47,0.52,1.845,0.019,1.0334231023507487
2468.48,0.54,1.753,0.016,1.0481032901406928
2468.52,0.576,1.507,0.015,1.201790591621074
2468.52,0.528,1.934,0.018,1.3763897784419366
2468.54,0.526,1.774,0.018,1.4101621721108237
2468.69,0.547,1.987,0.019,1.323163007844867
2468.72,0.566,1.78,0.015,1.1466796755274886
2468.72,0.515,1.952,0.017,1.007645834153175
2468.76,0.517,1.954,0.015,1.1187932439232182
2468.84,0.533,1.737,0.015,1.1800987844777027
2468.98,0.535,1.798,0.015,1.1365644285033154
2468.99,0.504,1.992,0.017,1.2168786604326742
2469.0,0.532,1.615,0.018,1.3320933496700103
2469.02,0.561,1.864,0.018,1.284264637839668
2469.02,0.587,1.703,0.016,1.2210331344479581
2469.03,0.534,1.908,0.017,1.4867890216428812
2469.07,0.52,1.521,0.017,1.3289477672720194
2469.17,0.514,1.979,0.019,1.0440961240142115
2469.3,0.522,1.705,0.019,1.3959962928800032
2469.3,0.595,1.703,0.018,1.1585653170743606
2469.4,0.582,1.851,0.017,1.0863498010989963
2469.41,0.551,1.511,0.017,1.2238039211944793
2469.43,0.563,1.775,0.019,1.2622641442752776
2469.44,0.525,1.687,0.015,1.2059382090376973
2469.47,0.572,1.796,0.019,1.226730010988728
2469.49,0.507,1.529,0.017,1.4658385166236991
2469.54,0.523,1.661,0.017,1.1966083394902154
2469.56,0.532,1.974,0.018,1.4884306577527289
2469.6,0.56,1.765,0.019,1.2032096843298756
2469.64,0.555,1.741,0.019,1.4513789927770506
2469.68,0.574,1.504,0.018,1.1823203921960213
2469.68,0.539,1.866,0.019,1.096400708117676
2469.7,0.508,1.849,0.018,1.259457384811388
2469.72,0.501,1.542,0.019,1.0684375084017796
2469.73,0.583,1.787,0.017,1.3508656018181169
2469.73,0.507,1.815,0.018,1.184023570014342
2469.81,0.594,1.682,0.017,1.3051116938659248
2469.82,0.572,1.586,0.015,1.0457319205152182
2469.82,0.514,1.785,0.016,1.1706664465584842
2469.85,0.526,1.723,0.016,1.1861726520822522
2469.98,0.56,1.654,0.015,1.0561055282685676
2470.06,0.555,1.768,0.019,1.4856443389481617
2470.08,0.502,1.946,0.015,1.061430631395778
2470.08,0.587,1.935,0.015,1.2006150870073233
2470.08,0.556,1.703,0.018,1.3398867088814284
2470.11,0.589,1.845,0.016,1.3771523536522305
2470.13,0.57,1.919,0.018,1.0111457825318109
2470.14,0.52,1.892,0.017,1.027874790061332
2470.16,0.576,1.794,0.018,1.2257626419433527
2470.2,0.571,1.964,0.016,1.3809755356706048
2470.21,0.583,1.782,0.017,1.0917586835799178
2470.24,0.579,1.564,0.018,1.2481928375694038
2470.24,0.569,1.903,0.016,1.4434379455023993
2470.25,0.504,1.805,0.015,1.4913223769761599
2470.28,0.595,1.929,0.015,1.2173147348419304
2470.29,0.53,1.766,0.015,1.1021362938240462
2470.3,0.593,1.581,0.018,1.0315783232513627
2470.38,0.506,1.97,0.019,1.3650076849919521
2470.46,0.571,1.742,0.018,1.3761447853737532
2470.48,0.503,1.777,0.018,1.0890573582972813
2470.49,0.572,1.547,0.015,1.3847987670750266
2470.5,0.538,1.918,0.016,1.1165572619217017
2470.51,0.534,1.613,0.017,1.0148253710887465
2470.59,0.534,1.756,0.016,1.4192849333771267
2470.59,0.508,1.742,0.016,1.1529863600188557
2470.59,0.52,1.613,0.016,1.1076478917469057
2470.6,0.511,1.861,0.016,1.4472975001574833
2470.63,0.509,1.898,0.016,1.1296000204867862
2470.67,0.564,1.668,0.015,1.3578825636902159
2470.81,0.503,1.543,0.015,1.0044816111747639
2470.81,0.597,1.561,0.017,1.3656478763827042
2470.84,0.518,1.724,0.018,1.40462921077284
2470.85,0.586,1.636,0.017,1.3930873824555512
2470.85,0.596,1.695,0.017,1.1893736237816288
2470.87,0.595,1.938,0.015,1.3741252082665216
2471.1,0.529,1.965,0.016,1.0444948093447466
2471.12,0.55,1.823,0.018,1.4140562587500622
2471.16,0.551,1.774,0.016,1.2566060593326747
2471.17,0.502,1.586,0.018,1.286589573454588
2471.2,0.568,1.523,0.016,1.1334664830576304
2471.22,0.549,1.651,0.019,1.457521655976988
2471.29,0.57,1.835,0.018,1.3597700798234775
2471.3,0.547,1.513,0.017,1.1726998130709407
2471.39,0.544,1.998,0.015,1.2346127430467178
2471.42,0.529,1.825,0.015,1.1666439606852592
2471.42,0.569,1.787,0.018,1.4420690808025278
2471.43,0.571,1.911,0.016,1.2813689291588313
2471.43,0.525,1.743,0.019,1.0680635594261236
2471.44,0.584,1.825,0.018,1.010437035158358
2471.54,0.538,1.844,0.017,1.2114097789700855
2471.64,0.509,1.828,0.017,1.2763718121845808
2471.64,0.552,1.578,0.016,1.0754441669309813
2471.66,0.571,1.827,0.019,1.2175459852580852
2471.66,0.527,1.897,0.015,1.121260213608525
2471.69,0.598,1.886,0.015,1.2002230896541979
2471.72,0.525,1.649,0.017,1.4177957366490856
2471.76,0.583,1.566,0.015,1.1594426010609242
2471.79,0.547,1.846,0.015,1.0534349854613918
2471.8,0.523,1.58,0.017,1.1717726035031757
2471.82,0.52,1.879,0.017,1.024240650662944
2471.83,0.552,1.754,0.015,1.2672454697102213
2471.84,0.524,1.784,0.019,1.3062575453555985
2471.87,0.595,1.783,0.017,1.0109552879445225
2471.92,0.584,1.659,0.019,1.021026499713177
2471.93,0.576,1.768,0.015,1.2845470423133216
2471.99,0.546,1.502,0.016,1.4289188260655012
2472.08,0.541,1.91,0.016,1.0714743357295964
2472.1,0.555,1.708,0.019,1.3171033499487645
2472.12,0.529,1.863,0.017,1.0380495803491356
2472.14,0.523,1.947,0.016,1.0690640048675917
2472.14,0.501,1.543,0.018,1.2750602706643572
2472.16,0.582,1.676,0.018,1.218023955196962
2472.19,0.592,1.755,0.015,1.1228508962051276
2472.21,0.589,1.563,0.018,1.1250864714238231
2472.21,0.57,1.586,0.016,1.0095210025670243
2472.24,0.53,1.988,0.018,1.4878770950506492
2472.25,0.576,1.577,0.018,1.1340122884160602
2472.26,0.514,1.894,0.016,1.4908624678419622
2472.3,0.574,1.701,0.016,1.3655407569004199
2472.31,0.561,1.889,0.018,1.11116817279855
2472.31,0.518,1.605,0.018,1.3546525485140013
2472.32,0.507,1.859,0.016,1.2509540433930981
2472.37,0.525,1.822,0.016,1.4457164401711153
2472.37,0.522,1.993,0.015,1.2414871099164373
2472.45,0.561,1.887,0.016,1.1835049054688578
2472.47,0.503,1.766,0.018,1.1372177776050343
2472.55,0.503,1.928,0.019,1.3148926953203366
2472.55,0.512,1.987,0.016,1.0313596077206446
2472.57,0.592,1.78,0.018,1.106626829203036
2472.58,0.52,1.688,0.015,1.2469619828386143
2472.69,0.56,1.744,0.017,1.3960520541302712
2472.71,0.535,1.715,0.019,1.1746665930476867
2472.73,0.539,1.54,0.017,1.3860439159605469
2472.81,0.511,1.523,0.019,1.4472020971359862
2472.83,0.55,1.836,0.017,1.247905062015109
2472.87,0.528,1.504,0.016,1.142811023449111
2472.92,0.555,1.911,0.015,1.3359881710353652
2473.0,0.567,1.788,0.016,1.1346298621535469
2473.03,0.595,1.971,0.015,1.2222597461167248
2473.06,0.563,1.94,0.017,1.2469757825882768
2473.08,0.502,1.51,0.019,1.0644468937715914
2473.13,0.53,1.559,0.018,1.0236512328047878
2473.13,0.584,1.655,0.019,1.0085555781503897
2473.16,0.557,1.906,0.016,1.3145432551705045
2473.19,0.507,1.556,0.019,1.4343104569140406
2473.24,0.518,1.63,0.018,1.315236493621997
2473.25,0.527,1.94,0.016,1.3795054778410742
2473.51,0.556,1.503,0.016,1.3959537771466812
2473.53,0.506,1.969,0.015,1.0512452939730281
2473.53,0.553,1.778,0.015,1.4300644093318824
2473.58,0.523,1.544,0.016,1.2847426060365228
2473.6,0.575,1.651,0.017,1.1770765760492858
2473.67,0.562,1.949,0.016,1.1026838334799955
2473.7,0.574,1.629,0.016,1.0395123274654505
2473.71,0.53,1.557,0.015,1.075869945035925
2473.74,0.539,1.689,0.016,1.0746200894534956
2473.8,0.503,1.69,0.016,1.384118582271177
2473.82,0.527,1.872,0.016,1.1447873683736418
2473.91,0.531,1.693,0.019,1.4233412345302994
2473.93,0.557,1.816,0.017,1.2852964591790372
2474.0,0.561,1.623,0.015,1.0495418312371723
2474.0,0.598,1.75,0.016,1.1811073450331386
2474.03,0.527,1.905,0.017,1.2816193100458038
2474.07,0.518,1.932,0.017,1.3184807789382627
2474.07,0.574,1.717,0.016,1.3186285457085554
2474.16,0.583,1.568,0.017,1.153214664177542
2474.24,0.528,1.903,0.017,1.4667402552046271
2474.27,0.517,1.943,0.015,1.0469533652668592
2474.31,0.588,1.537,0.018,1.0833711408590387
2474.32,0.523,1.609,0.017,1.4569629392912853
2474.46,0.57,1.533,0.016,1.3915090279786468
2474.48,0.563,1.889,0.019,1.0323561116194804
2474.52,0.552,1.8,0.015,1.2404784626949783
2474.52,0.532,1.634,0.018,1.2942136160085669
2474.54,0.525,1.573,0.019,1.139245842321602
2474.56,0.503,1.521,0.017,1.2571143210134297
2474.61,0.595,1.786,0.015,1.1114238687589821
2474.62,0.574,1.836,0.015,1.0462346038526795
2474.63,0.522,1.845,0.017,1.1021962289370433
2474.66,0.562,1.518,0.016,1.3549041306085405
2474.78,0.511,1.658,0.016,1.136708723085552
2474.96,0.51,1.505,0.015,1.4646918584467474
2475.0,0.534,1.71,0.015,1.0689070473962436
2475.0,0.553,1.916,0.018,1.4548009226549041
2475.04,0.581,1.521,0.019,1.2830423663048438
2475.1,0.515,1.769,0.015,1.3152157778445235
2475.13,0.504,1.87,0.019,1.4962802348654531
2475.19,0.574,1.85,0.016,1.4573973778493075
2475.23,0.512,1.668,0.019,1.42336812498883
2475.25,0.579,1.586,0.016,1.0825167427960427
2475.26,0.514,1.839,0.015,1.450845156054628
2475.27,0.544,1.501,0.015,1.3527926753826975
2475.42,0.586,1.696,0.019,1.0090417782296204
2475.44,0.588,1.597,0.015,1.0468895343342064
2475.49,0.569,1.787,0.015,1.4446506552348788
2475.5,0.515,1.57,0.016,1.4761821221257416
2475.53,0.524,1.946,0.015,1.280970978330033
2475.58,0.58,1.584,0.017,1.2005350219809896
2475.61,0.503,1.645,0.016,1.4193267383443242
2475.61,0.523,1.707,0.017,1.1452265384900366
2475.64,0.546,1.7,0.019,1.2995462697497349
2475.67,0.538,1.786,0.017,1.3923931432067187
2475.71,0.521,1.953,0.019,1.1324652380086113
2475.72,0.572,1.659,0.018,1.1977729394431236
2475.74,0.525,1.63,0.015,1.181707469036662
2475.77,0.507,1.794,0.017,1.1574237606191704
2475.81,0.575,1.89,0.015,1.4908307969494254
2475.81,0.587,1.803,0.015,1.4972784332705926
2475.85,0.584,1.58,0.016,1.4546895549464516
2475.85,0.52,1.795,0.018,1.3651485725306163
2475.97,0.535,1.523,0.019,1.287762203205697
2476.08,0.529,1.997,0.016,1.3330203273054408
2476.1,0.519,1.888,0.015,1.4896768558621112
2476.15,0.521,1.828,0.016,1.1887274336543825
2476.25,0.579,1.98,0.019,1.3983993956352831
2476.27,0.564,1.658,0.017,1.3980890585787342
2476.31,0.563,1.882,0.015,1.1929074635974968
2476.33,0.575,1.571,0.016,1.2266395774719905
2476.4,0.532,1.553,0.019,1.3293475848162488
2476.51,0.574,1.967,0.019,1.376201923678356
2476.6,0.595,1.575,0.016,1.274809741098722
2476.64,0.532,1.976,0.016,1.4150898027544696
2476.67,0.553,1.944,0.018,1.063793022012189
2476.69,0.521,1.532,0.015,1.2586290300014051
2476.72,0.557,1.997,0.018,1.4275360869043525
2476.75,0.563,1.992,0.019,1.273367011378908
2476.99,0.562,1.779,0.016,1.2384772294386095
2476.99,0.507,1.673,0.017,1.414343909831317
2477.0,0.563,1.651,0.015,1.1933944937626517
2477.05,0.557,1.881,0.018,1.392424517277624
2477.11,0.56,1.549,0.018,1.1085210821236604
2477.17,0.518,1.923,0.016,1.2197589538398483
2477.18,0.502,1.825,0.015,1.3582447288713861
2477.23,0.572,1.933,0.015,1.2650067859297724
2477.38,0.589,1.905,0.017,1.3709793993182056
2477.42,0.532,1.746,0.016,1.2150158450475033
2477.5,0.503,1.505,0.017,1.3520077354565685
2477.5,0.566,1.685,0.018,1.020611276642104
2477.54,0.565,1.687,0.017,1.3325442466021724
2477.58,0.58,1.768,0.015,1.1590144386119485
2477.58,0.553,1.981,0.018,1.3722158237893043
2477.6,0.501,1.608,0.017,1.1164885169271779
2477.64,0.583,1.619,0.016,1.2731010401516278
2477.68,0.534,1.743,0.015,1.2381087349768056
2477.74,0.563,1.965,0.019,1.1190205075290345
2477.77,0.583,1.641,0.017,1.2294652956902672
2477.82,0.57,1.727,0.019,1.475373489450482
2477.85,0.535,1.737,0.019,1.3807373186211014
2477.85,0.512,1.669,0.017,1.4416338761878411
2477.9,0.5,1.705,0.017,1.0847198791007273
2477.9,0.513,1.859,0.016,1.4039852400950168
2477.91,0.538,1.985,0.015,1.2771185990181877
2477.94,0.5,1.978,0.019,1.0602382280293443
2477.96,0.596,1.827,0.018,1.0412255279279805
2477.96,0.549,1.833,0.016,1.0260812157888064
2477.98,0.513,1.725,0.019,1.2250821144947246
2478.02,0.557,1.641,0.015,1.3172919941148205
2478.05,0.593,1.541,0.015,1.0672453722622084
2478.14,0.532,1.663,0.019,1.2532178415224613
2478.16,0.555,1.692,0.015,1.2570103555145704
2478.19,0.501,1.633,0.018,1.4687183487697004
2478.19,0.53,1.706,0.018,1.3271068082584785
2478.22,0.562,1.996,0.019,1.4699607085800415
2478.28,0.513,1.93,0.018,1.2135043575578288
2478.32,0.59,1.913,0.015,1.2514745268948968
2478.33,0.565,1.568,0.016,1.2714065751855712
2478.33,0.55,1.684,0.018,1.0494612623224882
2478.38,0.509,1.777,0.016,1.3935056777003807
2478.4,0.573,1.967,0.017,1.1876877353779876
2478.4,0.555,1.548,0.019,1.055258160732481
2478.41,0.591,1.552,0.019,1.155249871390755
2478.44,0.524,1.677,0.017,1.090334481458809
2478.47,0.599,1.951,0.019,1.1754363188165837
2478.5,0.579,1.738,0.017,1.286179827901937
2478.51,0.557,1.809,0.015,1.3801857853062074
2478.57,0.507,1.529,0.019,1.345740741967918
2478.59,0.582,1.864,0.019,1.114507188281662
2478.67,0.533,1.642,0.019,1.4805864320257438
2478.68,0.515,1.867,0.019,1.4719493674704012
2478.72,0.506,1.741,0.019,1.38556134661665
2478.72,0.503,1.982,0.017,1.2318557991377088
2478.77,0.585,1.541,0.019,1.3838652258357067
2478.82,0.538,1.533,0.015,1.0765520286928416
2478.85,0.522,1.809,0.015,1.2095006350957274
2478.95,0.512,1.589,0.018,1.248772276845069
2478.98,0.578,1.991,0.016,1.2390827926438683
2479.08,0.53,1.903,0.017,1.3670381010596788
2479.16,0.588,1.946,0.018,1.0249647869357497
2479.19,0.515,1.771,0.018,1.260498680359925
2479.23,0.556,1.724,0.016,1.28038750634445
2479.27,0.503,1.637,0.017,1.0631676093149491
2479.37,0.57,1.669,0.016,1.4255780311243302
2479.4,0.53,1.639,0.018,1.2340717058923938
2479.4,0.55,1.782,0.015,1.4147949032909117
2479.42,0.588,1.557,0.015,1.1510315544698828
2479.45,0.586,1.697,0.018,1.2790751771999538
2479.53,0.588,1.888,0.019,1.1721204234876605
2479.53,0.514,1.765,0.019,1.441228912252431
2479.56,0.556,1.508,0.016,1.1181545081240207
2479.57,0.504,1.946,0.019,1.2689460563851582
2479.59,0.542,1.505,0.019,1.1449792784716446
2479.64,0.503,1.678,0.018,1.1450703754206404
2479.64,0.598,1.899,0.019,1.4734169165906539
2479.65,0.593,1.836,0.015,1.2246369763167169
2479.66,0.527,1.52,0.016,1.1948731161986612
2479.67,0.552,1.94,0.018,1.1238763650021384
2479.67,0.539,1.93,0.019,1.0177107524567355
2479.72,0.532,1.526,0.018,1.0885332199244855
2479.72,0.599,1.524,0.017,1.0922274374790848
2479.78,0.534,1.526,0.017,1.3232225383472758
2479.84,0.59,1.696,0.018,1.027401023094375
2479.92,0.54,1.924,0.017,1.1515540009829757
2479.97,0.597,1.903,0.017,1.2149894840920066
2479.99,0.579,1.543,0.016,1.0237774544029774
2480.05,0.566,1.763,0.017,1.1730813162743408
2480.06,0.555,1.974,0.015,1.143406613018714
2480.1,0.509,1.785,0.018,1.279502426700185
2480.16,0.55,1.993,0.017,1.4396650231656527
2480.19,0.551,1.909,0.016,1.3263259219229748
2480.22,0.509,1.562,0.017,1.1336944458466232
2480.24,0.567,1.671,0.016,1.0335394344022637
2480.29,0.566,1.882,0.018,1.4550346616196148
2480.3,0.592,1.684,0.019,1.0560603149747836
2480.34,0.593,1.767,0.016,1.1632920246455096
2480.4,0.517,1.656,0.018,1.3647292195278125
2480.5,0.577,1.95,0.017,1.4301227618369245
2480.5,0.503,1.675,0.018,1.056854257795314
2480.52,0.578,1.719,0.018,1.0905477368462118
2480.64,0.585,1.818,0.015,1.443576620262786
2480.67,0.541,1.957,0.018,1.4994580741036903
2480.7,0.523,1.734,0.017,1.0099275226653632
2480.7,0.576,1.603,0.016,1.172114018483133
2480.72,0.535,1.611,0.017,1.3297210984154177
2480.77,0.501,1.582,0.016,1.1782233890471123
2480.77,0.545,1.59,0.018,1.4804234430000893
2480.81,0.505,1.986,0.018,1.36962232007017
2480.83,0.593,1.768,0.015,1.3721780462172053
2480.98,0.5,1.747,0.017,1.1139266537691808
2480.99,0.534,1.578,0.018,1.0242126815993937
2481.09,0.529,1.548,0.018,1.3038978335165796
2481.13,0.598,1.555,0.016,1.4081241864331313
2481.18,0.529,1.52,0.018,1.0340059337597174
2481.2,0.556,1.903,0.017,1.4772703108905028
2481.29,0.577,1.555,0.018,1.4657050271320111
2481.31,0.527,1.986,0.018,1.03742389935397
2481.37,0.538,1.708,0.016,1.3326502816130317
2481.44,0.566,1.699,0.015,1.0912487554132178
2481.51,0.5,1.848,0.015,1.2483703422723895
2481.54,0.579,1.504,0.019,1.2831796144295209
2481.61,0.551,1.748,0.015,1.2804848365885018
2481.62,0.566,1.767,0.017,1.0356103898191538
2481.63,0.534,1.521,0.015,1.4790056013879485
2481.71,0.504,1.999,0.017,1.451994488143612
2481.78,0.532,1.932,0.016,1.2366984233749438
2481.88,0.553,1.589,0.016,1.4717296731366263
2481.88,0.518,1.552,0.017,1.4185130615738957
2481.9,0.588,1.676,0.016,1.1416702671921175
2481.91,0.508,1.881,0.019,1.4384027001299644
2481.94,0.528,1.891,0.019,1.1764062224863674
2482.0,0.598,1.714,0.018,1.1015873710496855
2482.1,0.567,1.756,0.019,1.451104090406158
2482.12,0.553,1.896,0.019,1.1220829100023972
2482.2,0.599,1.55,0.015,1.3261554359771823
2482.26,0.536,1.5,0.015,1.0272496787608307
2482.31,0.595,1.501,0.019,1.2447149220740026
2482.38,0.509,1.538,0.018,1.1703363644219213
2482.39,0.576,1.904,0.018,1.2568149040627516
2482.46,0.559,1.728,0.017,1.0206029626642106
2482.47,0.554,1.947,0.016,1.168097968155418
2482.5,0.568,1.938,0.018,1.1421851659368478
2482.53,0.538,1.792,0.018,1.4088688544084407
2482.55,0.583,1.809,0.019,1.1523203442975858
2482.56,0.522,1.54,0.015,1.493829217517971
2482.59,0.565,1.948,0.016,1.0531407938430999
2482.6,0.529,1.893,0.017,1.4052208390716165
2482.62,0.535,1.64,0.016,1.2773867754347676
2482.63,0.529,1.6,0.015,1.20128985011198
2482.69,0.581,1.661,0.018,1.172628965576539
2482.69,0.555,1.949,0.018,1.0498329043700918
2482.72,0.502,1.713,0.017,1.4701977666793256
2482.72,0.516,1.867,0.016,1.298000398682147
2482.76,0.524,1.826,0.016,1.1166087855210372
2482.76,0.547,1.975,0.018,1.174368679989142
2482.79,0.585,1.765,0.019,1.3927170837244525
2482.8,0.526,1.826,0.018,1.4998405417727978
2482.8,0.513,1.522,0.015,1.4511361596572756
2482.87,0.543,1.645,0.017,1.3228714606571907
2482.91,0.582,1.966,0.018,1.2861655594874173
2482.92,0.568,1.709,0.019,1.439116814334159
2482.98,0.518,1.818,0.015,1.0867034254434145
2483.02,0.501,1.995,0.019,1.280306655641652
2483.02,0.587,1.511,0.016,1.29902734214495
2483.16,0.516,1.864,0.015,1.2155147210457027
2483.16,0.521,1.773,0.016,1.1324883390342404
2483.22,0.558,1.56,0.016,1.1172602675036334
2483.28,0.597,1.514,0.016,1.0144469922054915
2483.28,0.585,1.606,0.018,1.3114179683270115
2483.36,0.517,1.534,0.016,1.3868687239023074
2483.4,0.565,1.862,0.018,1.0948061426162397
2483.4,0.577,1.801,0.016,1.30738781448894
2483.46,0.569,1.785,0.015,1.485269989272081
2483.51,0.537,1.73,0.016,1.3119739433475681
2483.54,0.584,1.755,0.016,1.177739713062402
2483.57,0.584,1.86,0.019,1.366376314522752
2483.58,0.549,1.988,0.019,1.243917178602978
2483.58,0.536,1.761,0.016,1.337244943687359
2483.62,0.578,1.699,0.018,1.2666016036784549
2483.69,0.565,1.534,0.019,1.412770375819969
2483.69,0.524,1.955,0.016,1.1640905712105278
2483.7,0.579,1.982,0.017,1.3339597288907645
2483.75,0.595,1.691,0.018,1.092811595370069
2483.77,0.585,1.505,0.017,1.4569853563073571
2483.77,0.593,1.953,0.018,1.3864697760513238
2483.79,0.592,1.669,0.015,1.3206209836369
2483.89,0.523,1.778,0.019,1.0695491466355844
2483.9,0.535,1.531,0.017,1.1135982368940267
2483.91,0.547,1.956,0.015,1.4688696677018547
2483.97,0.527,1.789,0.019,1.2238731884315825
2483.98,0.577,1.883,0.018,1.186409590471166
2484.03,0.579,1.679,0.015,1.4021601639615908
2484.05,0.565,1.986,0.015,1.0296188098050538
2484.06,0.525,1.963,0.017,1.1481409660033137
2484.1,0.589,1.63,0.017,1.2548015219953108
2484.19,0.565,1.674,0.018,1.3841631658615492
2484.21,0.512,1.646,0.016,1.3679207575808903
2484.24,0.546,1.896,0.018,1.295615419747953
2484.28,0.523,1.908,0.016,1.1445566816495252
2484.32,0.548,1.529,0.017,1.100485018596705
2484.37,0.569,1.524,0.016,1.359650486327091
2484.4,0.502,1.541,0.017,1.2426851894944657
2484.41,0.537,1.841,0.017,1.467420073932908
2484.44,0.534,1.68,0.018,1.4852774133488675
2484.44,0.501,1.539,0.018,1.135735861321291
2484.46,0.519,1.887,0.016,1.4381289674524997
2484.47,0.598,1.926,0.015,1.4935429762261105
2484.5,0.546,1.861,0.018,1.2569390862263203
2484.53,0.525,1.587,0.019,1.3462382065282479
2484.57,0.535,1.863,0.019,1.018201517383221
2484.58,0.589,1.538,0.016,1.390570566037773
2484.72,0.569,1.787,0.018,1.1818372356956537
2484.78,0.568,1.507,0.019,1.2326468853773758
2484.81,0.586,1.932,0.018,1.4485741041130267
2484.82,0.536,1.936,0.018,1.4834394421838553
2484.85,0.581,1.933,0.017,1.4706279302402292
2484.85,0.502,1.931,0.018,1.1678299971514297
2484.85,0.528,1.67,0.018,1.1563150105710327
2484.9,0.509,1.769,0.017,1.2605406952032825
2484.91,0.593,1.792,0.019,1.1857566806289728
2484.95,0.574,1.736,0.017,1.0495291586448483
2485.0,0.562,1.889,0.016,1.4965673747073136
2485.1,0.581,1.64,0.017,1.4546347666434976
2485.11,0.516,1.713,0.016,1.1221056575908488
2485.16,0.503,1.628,0.019,1.1282867633123261
2485.17,0.584,1.83,0.016,1.43795336337463
2485.18,0.516,1.559,0.017,1.2434793388974847
2485.24,0.5,1.648,0.016,1.3644641042274945
2485.27,0.533,1.939,0.017,1.4772395033606462
2485.31,0.508,1.918,0.018,1.0578131185491007
2485.34,0.548,1.523,0.019,1.118369398798507
2485.35,0.579,1.509,0.015,1.3467633554336298
2485.35,0.574,1.986,0.015,1.2221806281633303
2485.36,0.596,1.604,0.018,1.4946269451820116
2485.37,0.505,1.571,0.018,1.0548450374108682
2485.47,0.538,1.985,0.017,1.1361155128020726
2485.59,0.57,1.848,0.019,1.0493942497196427
2485.59,0.51,1.853,0.017,1.0147329627547805
2485.6,0.552,1.529,0.018,1.4981067937194164
2485.6,0.59,1.58,0.017,1.2029971374613184
2485.61,0.597,1.94,0.018,1.1310037854700696
2485.67,0.594,1.865,0.017,1.4212542785829774
2485.67,0.592,1.758,0.016,1.2985334963872959
2485.71,0.501,1.677,0.015,1.4280321804778877
2485.71,0.542,1.816,0.015,1.477223229595141
2485.72,0.571,1.667,0.016,1.2277863621328364
2485.77,0.538,1.867,0.018,1.2154559654258048
2485.86,0.567,1.77,0.015,1.0336522010639975
2485.92,0.549,1.667,0.019,1.2232295250831522
2485.97,0.51,1.644,0.017,1.0537600093844268
2485.99,0.515,1.681,0.016,1.2402699292727462
2486.13,0.511,1.613,0.016,1.0014237671481023
2486.18,0.515,1.842,0.016,1.4985336527936612
2486.23,0.528,1.923,0.017,1.1941999694474448
2486.27,0.532,1.698,0.015,1.3157486636451967
2486.31,0.589,1.89,0.015,1.4151912251221788
2486.32,0.585,1.527,0.017,1.1646471110721497
2486.45,0.515,1.577,0.017,1.2739759837472424
2486.48,0.579,1.876,0.015,1.3401994232124224
2486.57,0.599,1.966,0.017,1.3465973165360579
2486.67,0.543,1.818,0.017,1.0033995435154373
2486.71,0.523,1.734,0.019,1.334457735420949
2486.87,0.541,1.507,0.017,1.394448131987501
2486.88,0.572,1.926,0.018,1.4196402933115975
2486.89,0.552,1.754,0.017,1.1215986372666429
2486.92,0.589,1.554,0.017,1.2666035826669866
2486.95,0.572,1.644,0.017,1.4966149219547313
2487.01,0.548,1.742,0.017,1.2941168820133306
2487.06,0.553,1.858,0.017,1.4121832442991784
2487.09,0.552,1.563,0.019,1.4890869890991758
2487.13,0.573,1.733,0.015,1.0751924702634705
2487.18,0.543,1.904,0.018,1.3131076125062822
2487.19,0.562,1.951,0.019,1.1079204112905754
2487.2,0.569,1.865,0.015,1.3345638646831814
2487.24,0.542,1.588,0.017,1.2580566856175917
2487.28,0.594,1.895,0.019,1.3522203409945572
2487.31,0.58,1.574,0.018,1.3420558775728524
2487.36,0.588,1.891,0.016,1.270904182902616
2487.38,0.578,1.923,0.019,1.4326765587826689
2487.46,0.51,1.817,0.015,1.0676457967341464
2487.54,0.517,1.855,0.019,1.329465751027651
2487.55,0.516,1.752,0.015,1.0224919301148043
2487.55,0.538,1.944,0.018,1.3593837718036672
2487.56,0.515,1.735,0.017,1.3209303040363585
2487.59,0.535,1.979,0.017,1.1773892746418486
2487.61,0.5,1.558,0.018,1.2522062065480668
2487.7,0.565,1.748,0.018,1.2774979289781303
2487.7,0.518,1.918,0.017,1.03774243435445
2487.71,0.518,1.889,0.017,1.096014378982686
2487.75,0.559,1.846,0.017,1.4693692657142854
2487.77,0.574,1.663,0.017,1.0452223873982722
2487.86,0.567,1.61,0.016,1.0526295113815043
2487.87,0.568,1.734,0.017,1.4375737885655502
2487.89,0.584,1.525,0.015,1.1664018297633423
2487.93,0.563,1.503,0.017,1.3566484994450707
2487.97,0.512,1.813,0.015,1.345885773926772
2487.99,0.525,1.873,0.018,1.0194090381758212
2488.02,0.569,1.678,0.015,1.0367116059651542
2488.02,0.579,1.723,0.017,1.283147277018069
2488.06,0.557,1.588,0.017,1.4727980809712666
2488.08,0.538,1.943,0.018,1.293754268127368
2488.1,0.531,1.5,0.016,1.0829924567456186
2488.2,0.519,1.98,0.016,1.176367803022121
2488.23,0.564,1.562,0.015,1.147706916467235
2488.42,0.584,1.937,0.017,1.4375179118745876
2488.44,0.508,1.868,0.018,1.398722549645779
2488.55,0.571,1.602,0.016,1.346132138045174
2488.57,0.551,1.902,0.018,1.056188380492449
2488.58,0.591,1.763,0.017,1.1424186051322986
2488.6,0.542,1.702,0.016,1.1229002163388133
2488.6,0.543,1.748,0.019,1.2897695531697801
2488.61,0.582,1.72,0.018,1.005790459581996
2488.61,0.565,1.821,0.019,1.0448787049770265
2488.64,0.52,1.835,0.018,1.1013004814859735
2488.72,0.545,1.629,0.017,1.2346710761505175
2488.76,0.572,1.577,0.017,1.1245735463444282
2488.77,0.508,1.734,0.016,1.2444307661449228
2488.84,0.521,1.97,0.018,1.1517869887432872
2488.85,0.53,1.614,0.017,1.4801380734855014
2488.89,0.56,1.631,0.017,1.3619318796714668
2488.89,0.584,1.556,0.018,1.4038832954863572
2488.97,0.528,1.728,0.019,1.0552461536438558
2489.0,0.508,1.703,0.015,1.2342995816783242
2489.01,0.562,1.842,0.016,1.3586056309235306
2489.02,0.549,1.525,0.019,1.1161769656090441
2489.02,0.574,1.648,0.016,1.3527680546241345
2489.06,0.512,1.735,0.019,1.043342179390061
2489.1,0.587,1.874,0.018,1.1291116895737137
2489.13,0.574,1.527,0.018,1.0429711690110253
2489.2,0.525,1.527,0.018,1.205441466401416
2489.24,0.533,1.994,0.015,1.136769335589663
2489.24,0.554,1.833,0.018,1.3969299168604046
2489.26,0.541,1.865,0.018,1.2370274745565621
2489.39,0.595,1.561,0.019,1.055658467896897
2489.44,0.593,1.655,0.016,1.3658756494933098
2489.49,0.556,1.948,0.017,1.1708162639880155
2489.54,0.506,1.606,0.018,1.457310928874469
2489.64,0.506,1.68,0.019,1.3334178894397153
2489.66,0.558,1.595,0.017,1.3297212618751661
2489.7,0.554,1.946,0.015,1.2224550854339566
2489.84,0.501,1.527,0.016,1.4490683124991444
2489.84,0.526,1.724,0.016,1.3940916536863441
2489.87,0.551,1.966,0.017,1.305914593614211
2489.88,0.523,1.78,0.018,1.4728201395306546
2489.93,0.527,1.998,0.018,1.1434749266216122
2489.99,0.563,1.772,0.017,1.2441975106058192
